Location, S/N 
Category 10,item 155
Category 2,item 44
Category 2,item 36
Category 8,item 129
Category 10,item 158
Category 8,item 132
Category 9,item 146
Category 7,item 117
Category 2,item 34
Category 3,item 51
Category 8,item 131
Category 10,item 152
Category 9,item 145
Category 2,item 37
Category 1,item 18
Category 2,item 38
Category 1,item 19
Category 8,item 123
Category 5,item 80
Category 9,item 144
Category 2,item 31
Category 6,item 104
Category 3,item 47
Category 9,item 142
Category 10,item 163
Category 6,item 100
Category 4,item 62
Category 1,item 17
Category 5,item 78
Category 8,item 125
Category 3,item 48
Category 2,item 43
Category 2,item 42
Category 7,item 119
Category 6,item 103
Category 4,item 74
Category 4,item 67
Category 10,item 153
Category 8,item 130
Category 5,item 81
Category 3,item 55
Category 1,item 23
Category 6,item 92
Category 8,item 128
Category 1,item 26
Category 10,item 159
Category 9,item 148
Category 2,item 41
Category 1,item 28
Category 10,item 161
Category 10,item 162
Category 9,item 139
Category 2,item 45
Category 5,item 84
Category 10,item 157
Category 5,item 88
Category 1,item 20
Category 1,item 25
Category 3,item 58
Category 1,item 22
Category 8,item 126
Category 5,item 90
Category 1,item 29
Category 4,item 63
Category 4,item 75
Category 8,item 134
Category 10,item 156
Category 1,item 21
Category 8,item 133
Category 4,item 69
Category 3,item 54
Category 9,item 147
Category 9,item 136
Category 5,item 89
Category 10,item 164
Category 8,item 135
Category 5,item 77
Category 4,item 72
Category 6,item 105
Category 6,item 93
Category 10,item 160
Category 5,item 83
Category 1,item 16
Category 8,item 127
Category 6,item 95
Category 9,item 143
Category 1,item 27
Category 7,item 114
Category 3,item 59
Category 10,item 151
Category 4,item 71
Category 7,item 106
Category 2,item 35
Category 5,item 87
Category 4,item 65
Category 7,item 112
Category 1,item 24
Category 3,item 60
Category 6,item 98
Category 7,item 107
Category 6,item 101
Category 10,item 165
Category 5,item 76
Category 9,item 137
Category 4,item 61
Category 7,item 116
Category 6,item 102
Category 4,item 64
Category 7,item 108
Category 3,item 52
Category 7,item 115
Category 7,item 118
Category 6,item 99
Category 7,item 120
Category 7,item 113
Category 4,item 73
Category 6,item 97
Category 7,item 109
Category 5,item 82
Category 5,item 79
Category 8,item 124
Category 3,item 53
Category 2,item 33
Category 1,item 30
Category 4,item 70
Category 6,item 91
Category 6,item 96
Category 9,item 141
Category 9,item 140
Category 7,item 111
Category 8,item 122
Category 5,item 85
Category 3,item 56
Category 3,item 57
Category 2,item 32
Category 3,item 50
Category 9,item 150
Category 2,item 39
Category 7,item 110
Category 9,item 149
Category 4,item 66
Category 4,item 68
Category 5,item 86
Category 3,item 46
Category 6,item 94
Category 8,item 121
Category 3,item 49
Category 10,item 154
Category 2,item 40
Category 9,item 138
